{
  "league": "N1",
  "season": "2025-2026",
  "metrics": {
    "goals_for_avg": {
      "mean": 1.640944,
      "std": 0.552661
    },
    "goals_against_avg": {
      "mean": 1.637889,
      "std": 0.329677
    },
    "btts_rate": {
      "mean": 0.630167,
      "std": 0.105122
    },
    "over25_rate": {
      "mean": 0.624,
      "std": 0.115378
    }
  },
  "computedAt": 1771096627
}