{
  "league": "E3",
  "season": "2025-2026",
  "metrics": {
    "goals_for_avg": {
      "mean": 1.306333,
      "std": 0.295656
    },
    "goals_against_avg": {
      "mean": 1.305958,
      "std": 0.302919
    },
    "btts_rate": {
      "mean": 0.548917,
      "std": 0.085494
    },
    "over25_rate": {
      "mean": 0.473208,
      "std": 0.104934
    }
  },
  "computedAt": 1771096627
}