{
  "league": "F1",
  "season": "2025-2026",
  "metrics": {
    "goals_for_avg": {
      "mean": 1.438333,
      "std": 0.412373
    },
    "goals_against_avg": {
      "mean": 1.438278,
      "std": 0.379911
    },
    "btts_rate": {
      "mean": 0.506167,
      "std": 0.092562
    },
    "over25_rate": {
      "mean": 0.524667,
      "std": 0.09122
    }
  },
  "computedAt": 1771096627
}