{
  "league": "EC",
  "season": "2025-2026",
  "metrics": {
    "goals_for_avg": {
      "mean": 1.408083,
      "std": 0.414863
    },
    "goals_against_avg": {
      "mean": 1.399917,
      "std": 0.428611
    },
    "btts_rate": {
      "mean": 0.544917,
      "std": 0.123057
    },
    "over25_rate": {
      "mean": 0.539292,
      "std": 0.122883
    }
  },
  "computedAt": 1771096627
}