{
  "league": "P1",
  "season": "2025-2026",
  "metrics": {
    "goals_for_avg": {
      "mean": 1.348833,
      "std": 0.548049
    },
    "goals_against_avg": {
      "mean": 1.348722,
      "std": 0.603103
    },
    "btts_rate": {
      "mean": 0.4505,
      "std": 0.104716
    },
    "over25_rate": {
      "mean": 0.524722,
      "std": 0.113021
    }
  },
  "computedAt": 1771096627
}