{
  "league": "E0",
  "season": "2025-2026",
  "metrics": {
    "goals_for_avg": {
      "mean": 1.37045,
      "std": 0.32559
    },
    "goals_against_avg": {
      "mean": 1.3704,
      "std": 0.346375
    },
    "btts_rate": {
      "mean": 0.54555,
      "std": 0.099412
    },
    "over25_rate": {
      "mean": 0.5364,
      "std": 0.090368
    }
  },
  "computedAt": 1771096627
}