{
  "league": "D1",
  "season": "2025-2026",
  "metrics": {
    "goals_for_avg": {
      "mean": 1.626944,
      "std": 0.689365
    },
    "goals_against_avg": {
      "mean": 1.628167,
      "std": 0.378478
    },
    "btts_rate": {
      "mean": 0.584111,
      "std": 0.10513
    },
    "over25_rate": {
      "mean": 0.628556,
      "std": 0.115657
    }
  },
  "computedAt": 1771096627
}