{
  "den.1": {
    "leagueSlug": "den.1",
    "leagueName": "Danish Superliga",
    "matches": 152,
    "avgGoals": 3.0328947368421053,
    "drawRate": 0.2236842105263158,
    "bttsRate": 0.6118421052631579,
    "over25Rate": 0.6118421052631579
  },
  "rou.1": {
    "leagueSlug": "rou.1",
    "leagueName": "Liga I",
    "matches": 63,
    "avgGoals": 2.4761904761904763,
    "drawRate": 0.36507936507936506,
    "bttsRate": 0.5873015873015873,
    "over25Rate": 0.4126984126984127
  },
  "per.1": {
    "leagueSlug": "per.1",
    "leagueName": "Peru Primera División",
    "matches": 155,
    "avgGoals": 2.567741935483871,
    "drawRate": 0.23225806451612904,
    "bttsRate": 0.5548387096774193,
    "over25Rate": 0.5225806451612903
  },
  "ger.2": {
    "leagueSlug": "ger.2",
    "leagueName": "2. Bundesliga",
    "matches": 270,
    "avgGoals": 2.9407407407407407,
    "drawRate": 0.24074074074074073,
    "bttsRate": 0.6,
    "over25Rate": 0.5851851851851851
  },
  "aut.1": {
    "leagueSlug": "aut.1",
    "leagueName": "Austrian Bundesliga",
    "matches": 170,
    "avgGoals": 2.6882352941176473,
    "drawRate": 0.2529411764705882,
    "bttsRate": 0.5529411764705883,
    "over25Rate": 0.5117647058823529
  },
  "bel.1": {
    "leagueSlug": "bel.1",
    "leagueName": "Belgian Pro League",
    "matches": 261,
    "avgGoals": 2.6206896551724137,
    "drawRate": 0.25287356321839083,
    "bttsRate": 0.5402298850574713,
    "over25Rate": 0.47509578544061304
  },
  "sco.2": {
    "leagueSlug": "sco.2",
    "leagueName": "Scottish Championship",
    "matches": 169,
    "avgGoals": 2.437869822485207,
    "drawRate": 0.3254437869822485,
    "bttsRate": 0.47337278106508873,
    "over25Rate": 0.44970414201183434
  },
  "irl.1": {
    "leagueSlug": "irl.1",
    "leagueName": "League of Ireland Premier Division",
    "matches": 117,
    "avgGoals": 2.427350427350427,
    "drawRate": 0.3162393162393162,
    "bttsRate": 0.5299145299145299,
    "over25Rate": 0.4358974358974359
  },
  "eng.3": {
    "leagueSlug": "eng.3",
    "leagueName": "League One",
    "matches": 536,
    "avgGoals": 2.6082089552238807,
    "drawRate": 0.24440298507462688,
    "bttsRate": 0.5205223880597015,
    "over25Rate": 0.503731343283582
  },
  "swe.1": {
    "leagueSlug": "swe.1",
    "leagueName": "Allsvenskan",
    "matches": 126,
    "avgGoals": 2.9761904761904763,
    "drawRate": 0.24603174603174602,
    "bttsRate": 0.5793650793650794,
    "over25Rate": 0.5714285714285714
  },
  "eng.4": {
    "leagueSlug": "eng.4",
    "leagueName": "League Two",
    "matches": 535,
    "avgGoals": 2.573831775700935,
    "drawRate": 0.2485981308411215,
    "bttsRate": 0.5196261682242991,
    "over25Rate": 0.4766355140186916
  },
  "sco.1": {
    "leagueSlug": "sco.1",
    "leagueName": "Scottish Premiership",
    "matches": 204,
    "avgGoals": 2.715686274509804,
    "drawRate": 0.27941176470588236,
    "bttsRate": 0.5,
    "over25Rate": 0.5049019607843137
  },
  "nor.1": {
    "leagueSlug": "nor.1",
    "leagueName": "Eliteserien",
    "matches": 153,
    "avgGoals": 3.196078431372549,
    "drawRate": 0.19607843137254902,
    "bttsRate": 0.5947712418300654,
    "over25Rate": 0.6274509803921569
  },
  "uru.1": {
    "leagueSlug": "uru.1",
    "leagueName": "Uruguay Primera División",
    "matches": 128,
    "avgGoals": 2.390625,
    "drawRate": 0.2890625,
    "bttsRate": 0.453125,
    "over25Rate": 0.421875
  },
  "sui.1": {
    "leagueSlug": "sui.1",
    "leagueName": "Swiss Super League",
    "matches": 36,
    "avgGoals": 3.111111111111111,
    "drawRate": 0.25,
    "bttsRate": 0.7222222222222222,
    "over25Rate": 0.6944444444444444
  },
  "chi.1": {
    "leagueSlug": "chi.1",
    "leagueName": "Chile Primera División",
    "matches": 110,
    "avgGoals": 2.590909090909091,
    "drawRate": 0.13636363636363635,
    "bttsRate": 0.4636363636363636,
    "over25Rate": 0.5
  },
  "arg.2": {
    "leagueSlug": "arg.2",
    "leagueName": "Argentina Primera Nacional",
    "matches": 255,
    "avgGoals": 1.796078431372549,
    "drawRate": 0.3215686274509804,
    "bttsRate": 0.3411764705882353,
    "over25Rate": 0.2784313725490196
  },
  "bra.1": {
    "leagueSlug": "bra.1",
    "leagueName": "Brazil Serie A",
    "matches": 101,
    "avgGoals": 2.702970297029703,
    "drawRate": 0.2376237623762376,
    "bttsRate": 0.49504950495049505,
    "over25Rate": 0.43564356435643564
  },
  "col.1": {
    "leagueSlug": "col.1",
    "leagueName": "Colombia Primera A",
    "matches": 95,
    "avgGoals": 2.473684210526316,
    "drawRate": 0.30526315789473685,
    "bttsRate": 0.5157894736842106,
    "over25Rate": 0.4631578947368421
  },
  "col.2": {
    "leagueSlug": "col.2",
    "leagueName": "Colombia Primera B",
    "matches": 109,
    "avgGoals": 2.3394495412844036,
    "drawRate": 0.26605504587155965,
    "bttsRate": 0.47706422018348627,
    "over25Rate": 0.4036697247706422
  },
  "mex.2": {
    "leagueSlug": "mex.2",
    "leagueName": "Liga de Expansión MX",
    "matches": 18,
    "avgGoals": 3,
    "drawRate": 0.3888888888888889,
    "bttsRate": 0.6666666666666666,
    "over25Rate": 0.5
  },
  "bra.2": {
    "leagueSlug": "bra.2",
    "leagueName": "Brazil Serie B",
    "matches": 70,
    "avgGoals": 2.0714285714285716,
    "drawRate": 0.3142857142857143,
    "bttsRate": 0.4714285714285714,
    "over25Rate": 0.3142857142857143
  },
  "eng.league_cup": {
    "leagueSlug": "eng.league_cup",
    "leagueName": "EFL Cup",
    "matches": 91,
    "avgGoals": 2.791208791208791,
    "drawRate": 0.2087912087912088,
    "bttsRate": 0.5384615384615384,
    "over25Rate": 0.5054945054945055
  },
  "arg.1": {
    "leagueSlug": "arg.1",
    "leagueName": "Argentina Primera División",
    "matches": 161,
    "avgGoals": 1.9751552795031055,
    "drawRate": 0.32919254658385094,
    "bttsRate": 0.422360248447205,
    "over25Rate": 0.2981366459627329
  },
  "ned.1": {
    "leagueSlug": "ned.1",
    "leagueName": "Eredivisie",
    "matches": 275,
    "avgGoals": 3.170909090909091,
    "drawRate": 0.2581818181818182,
    "bttsRate": 0.6290909090909091,
    "over25Rate": 0.6181818181818182
  },
  "ned.2": {
    "leagueSlug": "ned.2",
    "leagueName": "Eerste Divisie",
    "matches": 370,
    "avgGoals": 3.189189189189189,
    "drawRate": 0.21621621621621623,
    "bttsRate": 0.6162162162162163,
    "over25Rate": 0.6324324324324324
  },
  "tur.1": {
    "leagueSlug": "tur.1",
    "leagueName": "Süper Lig",
    "matches": 271,
    "avgGoals": 2.6199261992619927,
    "drawRate": 0.2988929889298893,
    "bttsRate": 0.5424354243542435,
    "over25Rate": 0.5129151291512916
  },
  "eng.2": {
    "leagueSlug": "eng.2",
    "leagueName": "Championship",
    "matches": 538,
    "avgGoals": 2.609665427509294,
    "drawRate": 0.26579925650557623,
    "bttsRate": 0.5724907063197026,
    "over25Rate": 0.5130111524163569
  },
  "por.1": {
    "leagueSlug": "por.1",
    "leagueName": "Primeira Liga",
    "matches": 268,
    "avgGoals": 2.712686567164179,
    "drawRate": 0.2574626865671642,
    "bttsRate": 0.4701492537313433,
    "over25Rate": 0.5485074626865671
  },
  "jpn.1": {
    "leagueSlug": "jpn.1",
    "leagueName": "J1 League",
    "matches": 251,
    "avgGoals": 2.5737051792828685,
    "drawRate": 0.28286852589641437,
    "bttsRate": 0.5099601593625498,
    "over25Rate": 0.4581673306772908
  },
  "fra.2": {
    "leagueSlug": "fra.2",
    "leagueName": "Ligue 2",
    "matches": 288,
    "avgGoals": 2.46875,
    "drawRate": 0.3229166666666667,
    "bttsRate": 0.5104166666666666,
    "over25Rate": 0.4652777777777778
  },
  "rsa.1": {
    "leagueSlug": "rsa.1",
    "leagueName": "South African Premiership",
    "matches": 197,
    "avgGoals": 2.045685279187817,
    "drawRate": 0.28426395939086296,
    "bttsRate": 0.39593908629441626,
    "over25Rate": 0.3147208121827411
  },
  "eng.5": {
    "leagueSlug": "eng.5",
    "leagueName": "National League",
    "matches": 538,
    "avgGoals": 2.9182156133828996,
    "drawRate": 0.23234200743494424,