{
  "league": "SC1",
  "season": "2025-2026",
  "metrics": {
    "goals_for_avg": {
      "mean": 1.2466,
      "std": 0.339815
    },
    "goals_against_avg": {
      "mean": 1.2529,
      "std": 0.263412
    },
    "btts_rate": {
      "mean": 0.5062,
      "std": 0.105203
    },
    "over25_rate": {
      "mean": 0.4587,
      "std": 0.090556
    }
  },
  "computedAt": 1771096627
}