{
  "league": "BU1",
  "season": "2025-2026",
  "metrics": {
    "goals_for_avg": {
      "mean": 1.264875,
      "std": 0.295014
    },
    "goals_against_avg": {
      "mean": 1.264812,
      "std": 0.254874
    },
    "btts_rate": {
      "mean": 0.541625,
      "std": 0.112873
    },
    "over25_rate": {
      "mean": 0.440562,
      "std": 0.08153
    }
  },
  "computedAt": 1771096627
}