{
  "league": "D2",
  "season": "2025-2026",
  "metrics": {
    "goals_for_avg": {
      "mean": 1.410389,
      "std": 0.253344
    },
    "goals_against_avg": {
      "mean": 1.410556,
      "std": 0.431215
    },
    "btts_rate": {
      "mean": 0.537111,
      "std": 0.124293
    },
    "over25_rate": {
      "mean": 0.568,
      "std": 0.129087
    }
  },
  "computedAt": 1771096627
}