{
  "league": "F2",
  "season": "2025-2026",
  "metrics": {
    "goals_for_avg": {
      "mean": 1.266,
      "std": 0.378154
    },
    "goals_against_avg": {
      "mean": 1.2665,
      "std": 0.234089
    },
    "btts_rate": {
      "mean": 0.510667,
      "std": 0.103482
    },
    "over25_rate": {
      "mean": 0.481778,
      "std": 0.13802
    }
  },
  "computedAt": 1771096627
}