{
  "league": "G1",
  "season": "2025-2026",
  "metrics": {
    "goals_for_avg": {
      "mean": 1.343286,
      "std": 0.564252
    },
    "goals_against_avg": {
      "mean": 1.340929,
      "std": 0.49291
    },
    "btts_rate": {
      "mean": 0.461214,
      "std": 0.121424
    },
    "over25_rate": {
      "mean": 0.513643,
      "std": 0.132609
    }
  },
  "computedAt": 1771096627
}