{
  "league": "I2",
  "season": "2025-2026",
  "metrics": {
    "goals_for_avg": {
      "mean": 1.2325,
      "std": 0.295497
    },
    "goals_against_avg": {
      "mean": 1.2325,
      "std": 0.313558
    },
    "btts_rate": {
      "mean": 0.555,
      "std": 0.086458
    },
    "over25_rate": {
      "mean": 0.46,
      "std": 0.100747
    }
  },
  "computedAt": 1771096627
}