{
  "league": "SC0",
  "season": "2025-2026",
  "metrics": {
    "goals_for_avg": {
      "mean": 1.257583,
      "std": 0.378615
    },
    "goals_against_avg": {
      "mean": 1.257667,
      "std": 0.37665
    },
    "btts_rate": {
      "mean": 0.484833,
      "std": 0.100529
    },
    "over25_rate": {
      "mean": 0.46975,
      "std": 0.111786
    }
  },
  "computedAt": 1771096627
}