{
  "league": "SP2",
  "season": "2025-2026",
  "metrics": {
    "goals_for_avg": {
      "mean": 1.274682,
      "std": 0.314827
    },
    "goals_against_avg": {
      "mean": 1.274727,
      "std": 0.227928
    },
    "btts_rate": {
      "mean": 0.553682,
      "std": 0.100274
    },
    "over25_rate": {
      "mean": 0.491773,
      "std": 0.103047
    }
  },
  "computedAt": 1771096627
}