{
  "league": "T1",
  "season": "2025-2026",
  "metrics": {
    "goals_for_avg": {
      "mean": 1.296222,
      "std": 0.483498
    },
    "goals_against_avg": {
      "mean": 1.296389,
      "std": 0.376273
    },
    "btts_rate": {
      "mean": 0.549389,
      "std": 0.096096
    },
    "over25_rate": {
      "mean": 0.475333,
      "std": 0.110047
    }
  },
  "computedAt": 1771096627
}