{
  "league": "SP1",
  "season": "2025-2026",
  "metrics": {
    "goals_for_avg": {
      "mean": 1.2926,
      "std": 0.513349
    },
    "goals_against_avg": {
      "mean": 1.2917,
      "std": 0.251354
    },
    "btts_rate": {
      "mean": 0.5225,
      "std": 0.123233
    },
    "over25_rate": {
      "mean": 0.4675,
      "std": 0.126041
    }
  },
  "computedAt": 1771096627
}