{
  "league": "IR1",
  "season": "2025-2026",
  "metrics": {
    "goals_for_avg": {
      "mean": 1.16195,
      "std": 0.350624
    },
    "goals_against_avg": {
      "mean": 1.16195,
      "std": 0.332025
    },
    "btts_rate": {
      "mean": 0.4572,
      "std": 0.113177
    },
    "over25_rate": {
      "mean": 0.42845,
      "std": 0.110488
    }
  },
  "computedAt": 1771096627
}