{
  "league": "E2",
  "season": "2025-2026",
  "metrics": {
    "goals_for_avg": {
      "mean": 1.267208,
      "std": 0.252583
    },
    "goals_against_avg": {
      "mean": 1.2715,
      "std": 0.22126
    },
    "btts_rate": {
      "mean": 0.503042,
      "std": 0.09995
    },
    "over25_rate": {
      "mean": 0.486708,
      "std": 0.089159
    }
  },
  "computedAt": 1771096627
}