{
  "league": "E1",
  "season": "2025-2026",
  "metrics": {
    "goals_for_avg": {
      "mean": 1.290917,
      "std": 0.307303
    },
    "goals_against_avg": {
      "mean": 1.294125,
      "std": 0.227946
    },
    "btts_rate": {
      "mean": 0.573292,
      "std": 0.108839
    },
    "over25_rate": {
      "mean": 0.513542,
      "std": 0.077248
    }
  },
  "computedAt": 1771096627
}